역번호,역사명,노선명,환승역구분,환승노선명
0124,청량리(서울시립대입구),1호선,도시철도 환승역,수도권  광역철도 분당+수도권  광역철도 경춘+수도권  광역철도 경의중앙
0125,제기동,1호선,도시철도 일반역,
0126,신설동,1호선,도시철도 환승역,수도권  도시철도 2호선
0127,동묘앞,1호선,도시철도 환승역,수도권  도시철도 6호선
0128,동대문,1호선,도시철도 환승역,수도권  광역철도 4호선
0129,종로5가,1호선,도시철도 일반역,
0130,종로3가,1호선,도시철도 환승역,수도권  광역철도 3호선+수도권  도시철도 5호선
0131,종각,1호선,도시철도 일반역,
0132,시청,1호선,도시철도 환승역,수도권  도시철도 2호선
0133,서울역,1호선,도시철도 환승역,수도권  광역철도 4호선+수도권  광역철도 경의중앙+수도권  광역철도 공항
0201,시청,2호선,도시철도 환승역,수도권  광역철도 1호선
0202,을지로입구,2호선,도시철도 일반역,
0203,을지로3가,2호선,도시철도 환승역,수도권  광역철도 3호선
0204,을지로4가,2호선,도시철도 환승역,수도권  도시철도 5호선
0205,동대문역사문화공원(DDP),2호선,도시철도 환승역,수도권  광역철도 4호선+수도권  도시철도 5호선
0206,신당,2호선,도시철도 환승역,수도권  도시철도 6호선
0207,상왕십리,2호선,도시철도 일반역,
0208,왕십리(성동구청),2호선,도시철도 환승역,수도권  도시철도 5호선+수도권 광역철도 분당+수도권 광역철도 경의중앙
0209,한양대,2호선,도시철도 일반역,
0210,뚝섬,2호선,도시철도 일반역,
0211,성수,2호선,도시철도 일반역,
0212,건대입구,2호선,도시철도 환승역,수도권  도시철도 7호선
0213,구의(광진구청),2호선,도시철도 일반역,
0214,강변(동서울터미널),2호선,도시철도 일반역,
0215,잠실나루,2호선,도시철도 일반역,
0216,잠실(송파구청),2호선,도시철도 환승역,수도권  도시철도 8호선
0217,잠실새내,2호선,도시철도 일반역,
0218,종합운동장,2호선,도시철도 환승역,수도권  도시철도 9호선
0219,삼성(무역센터),2호선,도시철도 일반역,
0220,선릉,2호선,도시철도 환승역,수도권  광역철도 분당
0221,역삼,2호선,도시철도 일반역,
0222,강남,2호선,도시철도 환승역,수도권  광역철도 신분당선
0223,교대(법원·검찰청),2호선,도시철도 환승역,수도권  광역철도 3호선
0224,서초,2호선,도시철도 일반역,
0225,방배,2호선,도시철도 일반역,
0226,사당,2호선,도시철도 환승역,수도권  광역철도 4호선
0227,낙성대(강감찬),2호선,도시철도 일반역,
0228,서울대입구(관악구청),2호선,도시철도 일반역,
0229,봉천,2호선,도시철도 일반역,
0230,신림,2호선,도시철도 일반역,
0231,신대방,2호선,도시철도 일반역,
0232,구로디지털단지,2호선,도시철도 일반역,
0233,대림(구로구청),2호선,도시철도 환승역,수도권  도시철도 7호선
0234,신도림,2호선,도시철도 환승역,수도권  광역철도 1호선+수도권 도시철도 2호선
0235,문래,2호선,도시철도 일반역,
0236,영등포구청,2호선,도시철도 환승역,수도권  도시철도 5호선
0237,당산,2호선,도시철도 환승역,수도권  도시철도 9호선
0238,합정,2호선,도시철도 환승역,수도권  도시철도 6호선
0239,홍대입구,2호선,도시철도 환승역,수도권  광역철도 공항+수도권 광역철도 경의중앙
0240,신촌(지하),2호선,도시철도 일반역,
0241,이대,2호선,도시철도 일반역,
0242,아현,2호선,도시철도 일반역,
0243,충정로(경기대입구),2호선,도시철도 환승역,수도권  도시철도 5호선
2111,용답,2호선,도시철도 일반역,
2112,신답,2호선,도시철도 일반역,
2113,용두(동대문구청),2호선,도시철도 일반역,
2114,신설동,2호선,도시철도 일반역,수도권  도시철도 2호선
2341,도림천,2호선,도시철도 일반역,
2342,양천구청,2호선,도시철도 일반역,
2343,신정네거리,2호선,도시철도 일반역,
0319,지축,3호선,도시철도 일반역,
0320,구파발,3호선,도시철도 일반역,
0321,연신내,3호선,도시철도 환승역,수도권  도시철도 6호선
0322,불광,3호선,도시철도 환승역,수도권  도시철도 6호선
0323,녹번,3호선,도시철도 일반역,
0324,홍제,3호선,도시철도 일반역,
0325,무악재,3호선,도시철도 일반역,
0326,독립문,3호선,도시철도 일반역,
0327,경복궁(정부서울청사),3호선,도시철도 일반역,
0328,안국,3호선,도시철도 일반역,
0329,종로3가,3호선,도시철도 환승역,수도권  도시철도 5호선+수도권 광역철도 1호선
0330,을지로3가,3호선,도시철도 환승역,수도권  도시철도 2호선
0331,충무로,3호선,도시철도 환승역,수도권  광역철도 4호선
0332,동대입구,3호선,도시철도 일반역,
0333,약수,3호선,도시철도 환승역,수도권  도시철도 6호선
0334,금호,3호선,도시철도 일반역,
0335,옥수,3호선,도시철도 환승역,수도권  광역철도 경의중앙
0336,압구정,3호선,도시철도 일반역,
0337,신사,3호선,도시철도 일반역,
0338,잠원,3호선,도시철도 일반역,
0339,고속터미널,3호선,도시철도 환승역,수도권  도시철도 7호선+수도권  도시철도 9호선
0340,교대(법원·검찰청),3호선,도시철도 환승역,수도권  도시철도 2호선
0341,남부터미널(예술의전당),3호선,도시철도 일반역,
0342,양재(서초구청),3호선,도시철도 환승역,수도권  광역철도 신분당선
0343,매봉,3호선,도시철도 일반역,
0344,도곡,3호선,도시철도 환승역,수도권  광역철도 분당
0345,대치,3호선,도시철도 일반역,
0346,학여울,3호선,도시철도 일반역,
0347,대청,3호선,도시철도 일반역,
0348,일원,3호선,도시철도 일반역,
0349,수서,3호선,도시철도 환승역,수도권  광역철도 분당
0350,가락시장,3호선,도시철도 환승역,수도권  도시철도 8호선
0351,경찰병원,3호선,도시철도 일반역,
0352,오금,3호선,도시철도 환승역,수도권  도시철도 5호선
0409,당고개,4호선,도시철도 일반역,
0410,상계,4호선,도시철도 일반역,
0411,노원,4호선,도시철도 환승역,수도권  도시철도 7호선
0412,창동,4호선,도시철도 환승역,수도권  광역철도 1호선
0413,쌍문,4호선,도시철도 일반역,
0414,수유(강북구청),4호선,도시철도 일반역,
0415,미아(서울사이버대학),4호선,도시철도 일반역,
0416,미아사거리,4호선,도시철도 일반역,
0417,길음,4호선,도시철도 일반역,
0418,성신여대입구(돈암),4호선,도시철도 일반역,수도권  광역철도 4호선
0419,한성대입구(삼선교),4호선,도시철도 일반역,
0420,혜화,4호선,도시철도 일반역,
0421,동대문,4호선,도시철도 환승역,수도권  광역철도 1호선
0422,동대문역사문화공원(DDP),4호선,도시철도 환승역,수도권  도시철도 2호선+수도권  도시철도 5호선
0423,충무로,4호선,도시철도 환승역,수도권  광역철도 3호선
0424,명동,4호선,도시철도 일반역,
0425,회현(남대문시장),4호선,도시철도 일반역,
0426,서울역,4호선,도시철도 환승역,수도권  광역철도 1호선+수도권 광역철도 경의중앙+수도권 광역철도 공항
0427,숙대입구(갈월),4호선,도시철도 일반역,
0428,삼각지,4호선,도시철도 환승역,수도권  도시철도 6호선
0429,신용산,4호선,도시철도 일반역,
0430,이촌(국립중앙박물관),4호선,도시철도 환승역,수도권  광역철도 경의중앙
0431,동작(현충원),4호선,도시철도 환승역,수도권  도시철도 9호선
0432,총신대입구(이수),4호선,도시철도 환승역,수도권  도시철도 7호선
0433,사당,4호선,도시철도 환승역,수도권  도시철도 2호선
0434,남태령,4호선,도시철도 일반역,
0510,방화,5호선,도시철도 일반역,
0511,개화산,5호선,도시철도 일반역,
0512,김포공항,5호선,도시철도 환승역,수도권 도시철도 9호선+수도권 광역철도 공항+김포도시철도+서해선
0513,송정,5호선,도시철도 일반역,
0514,마곡,5호선,도시철도 일반역,
0515,발산,5호선,도시철도 일반역,
0516,우장산,5호선,도시철도 일반역,
0517,화곡,5호선,도시철도 일반역,
0518,까치산,5호선,도시철도 환승역,수도권  도시철도 2호선
0519,신정(은행정),5호선,도시철도 일반역,
0520,목동,5호선,도시철도 일반역,
0521,오목교(목동운동장앞),5호선,도시철도 일반역,
0522,양평,5호선,도시철도 일반역,
0523,영등포구청,5호선,도시철도 환승역,수도권  도시철도 2호선
0524,영등포시장,5호선,도시철도 일반역,
0525,신길,5호선,도시철도 환승역,수도권  광역철도 1호선
0526,여의도,5호선,도시철도 환승역,수도권  도시철도 9호선
0527,여의나루,5호선,도시철도 일반역,
0528,마포,5호선,도시철도 일반역,
0529,공덕,5호선,도시철도 환승역,수도권  도시철도 6호선
0530,애오개,5호선,도시철도 일반역,
0531,충정로(경기대입구),5호선,도시철도 환승역,수도권  도시철도 2호선
0532,서대문,5호선,도시철도 일반역,
0533,광화문(세종문화회관),5호선,도시철도 일반역,
0534,종로3가(탑골공원),5호선,도시철도 환승역,수도권  광역철도 3호선+수도권 광역철도 1호선
0535,을지로4가,5호선,도시철도 환승역,수도권  도시철도 2호선
0536,동대문역사문화공원(DDP),5호선,도시철도 환승역,수도권  도시철도 2호선+수도권 광역철도 4호선
0537,청구,5호선,도시철도 환승역,수도권  도시철도 6호선
0538,신금호,5호선,도시철도 일반역,
0539,행당,5호선,도시철도 일반역,
0540,왕십리(성동구청),5호선,도시철도 환승역,수도권  도시철도 2호선+수도권 광역철도 분당+수도권 광역철도 경의중앙
0541,마장,5호선,도시철도 일반역,
0542,답십리,5호선,도시철도 일반역,
0543,장한평,5호선,도시철도 일반역,
0544,군자(능동),5호선,도시철도 환승역,수도권  도시철도 7호선
0545,아차산(어린이대공원후문),5호선,도시철도 일반역,
0546,광나루(장신대),5호선,도시철도 일반역,
0547,천호(풍납토성),5호선,도시철도 환승역,수도권  도시철도 8호선
0548,강동,5호선,도시철도 일반역,
0549,길동,5호선,도시철도 일반역,
0550,굽은다리(강동구민회관앞),5호선,도시철도 일반역,
0551,명일,5호선,도시철도 일반역,
0552,고덕,5호선,도시철도 일반역,
0553,상일동,5호선,도시철도 일반역,
P549,둔촌동,5호선,도시철도 일반역,
P550,올림픽공원(한국체대),5호선,도시철도 일반역,
P551,방이,5호선,도시철도 일반역,
P552,오금,5호선,도시철도 환승역,수도권  광역철도 3호선
P553,개롱,5호선,도시철도 일반역,
P554,거여,5호선,도시철도 일반역,
0554,강일,5호선,도시철도 일반역,
0555,미사,5호선,도시철도 일반역,
0556,하남풍산,5호선,도시철도 일반역,
0557,하남시청(덕풍∙신장),5호선,도시철도 일반역,
0558,하남검단산,5호선,도시철도 일반역,
P555,마천,5호선,도시철도 일반역,
0610,응암,6호선,도시철도 일반역,
0611,역촌,6호선,도시철도 일반역,
0612,불광,6호선,도시철도 환승역,수도권  광역철도 3호선
0613,독바위,6호선,도시철도 일반역,
0614,연신내,6호선,도시철도 환승역,수도권  광역철도 3호선
0615,구산,6호선,도시철도 일반역,
0616,새절(신사),6호선,도시철도 일반역,
0617,증산(명지대앞),6호선,도시철도 일반역,
0618,디지털미디어시티,6호선,도시철도 환승역,수도권  광역철도 경의중앙+수도권 광역철도 공항
0619,월드컵경기장(성산),6호선,도시철도 일반역,
0620,마포구청,6호선,도시철도 일반역,
0621,망원,6호선,도시철도 일반역,
0622,합정,6호선,도시철도 환승역,수도권  도시철도 2호선
0623,상수,6호선,도시철도 일반역,
0624,광흥창(서강),6호선,도시철도 일반역,
0625,대흥(서강대앞),6호선,도시철도 일반역,
0626,공덕,6호선,도시철도 환승역,수도권  도시철도 5호선
0627,효창공원앞,6호선,도시철도 환승역,수도권  광역철도 경의중앙
0628,삼각지,6호선,도시철도 환승역,수도권  광역철도 4호선
0629,녹사평(용산구청),6호선,도시철도 일반역,
0630,이태원,6호선,도시철도 일반역,
0631,한강진,6호선,도시철도 일반역,
0632,버티고개,6호선,도시철도 일반역,
0633,약수,6호선,도시철도 환승역,수도권  광역철도 3호선
0634,청구,6호선,도시철도 환승역,수도권  도시철도 5호선
0635,신당,6호선,도시철도 환승역,수도권  도시철도 2호선
0636,동묘앞,6호선,도시철도 환승역,수도권  광역철도 1호선
0637,창신,6호선,도시철도 일반역,
0638,보문,6호선,도시철도 일반역,수도권  도시철도 6호선
0639,안암(고대병원앞),6호선,도시철도 일반역,
0640,고려대(종암),6호선,도시철도 일반역,
0641,월곡(동덕여대),6호선,도시철도 일반역,
0642,상월곡(한국과학기술연구원),6호선,도시철도 일반역,
0643,돌곶이,6호선,도시철도 일반역,
0644,석계,6호선,도시철도 환승역,수도권  광역철도 1호선
0645,태릉입구,6호선,도시철도 환승역,수도권  도시철도 7호선
0646,화랑대(서울여대입구),6호선,도시철도 일반역,
0647,봉화산(서울의료원),6호선,도시철도 일반역,
0648,신내,6호선,도시철도 일반역,
0709,장암,7호선,도시철도 일반역,
0710,도봉산,7호선,도시철도 환승역,수도권  광역철도 1호선
0711,수락산,7호선,도시철도 일반역,
0712,마들,7호선,도시철도 일반역,
0713,노원,7호선,도시철도 환승역,수도권  광역철도 4호선
0714,중계,7호선,도시철도 일반역,
0715,하계,7호선,도시철도 일반역,
0716,공릉(서울과학기술대),7호선,도시철도 일반역,
0717,태릉입구,7호선,도시철도 환승역,수도권  도시철도 6호선
0718,먹골,7호선,도시철도 일반역,
0719,중화,7호선,도시철도 일반역,
0720,상봉,7호선,도시철도 환승역,수도권  광역철도 경춘+수도권 광역철도 경의중앙
0721,면목,7호선,도시철도 일반역,
0722,사가정,7호선,도시철도 일반역,
0723,용마산(용마폭포공원),7호선,도시철도 일반역,
0724,중곡,7호선,도시철도 일반역,
0725,군자(능동),7호선,도시철도 환승역,수도권  도시철도 5호선
0726,어린이대공원(세종대),7호선,도시철도 일반역,
0727,건대입구,7호선,도시철도 환승역,수도권  도시철도 2호선
0728,자양(뚝섬한강공원),7호선,도시철도 일반역,
0729,청담,7호선,도시철도 일반역,
0730,강남구청,7호선,도시철도 환승역,수도권  광역철도 분당
0731,학동,7호선,도시철도 일반역,
0732,논현,7호선,도시철도 일반역,
0733,반포,7호선,도시철도 일반역,
0734,고속터미널,7호선,도시철도 환승역,수도권  광역철도 3호선+수도권 도시철도 9호선
0735,내방,7호선,도시철도 일반역,
0736,총신대입구(이수),7호선,도시철도 환승역,수도권  광역철도 4호선
0737,남성,7호선,도시철도 일반역,
0738,숭실대입구(살피재),7호선,도시철도 일반역,
0739,상도,7호선,도시철도 일반역,
0740,장승배기,7호선,도시철도 일반역,
0741,신대방삼거리,7호선,도시철도 일반역,
0742,보라매,7호선,도시철도 일반역,
0743,신풍,7호선,도시철도 일반역,
0744,대림(구로구청),7호선,도시철도 환승역,수도권  도시철도 2호선
0745,남구로,7호선,도시철도 일반역,
0746,가산디지털단지,7호선,도시철도 환승역,수도권  광역철도 1호선
0747,철산,7호선,도시철도 일반역,
0748,광명사거리,7호선,도시철도 일반역,
0749,천왕,7호선,도시철도 일반역,
0750,온수(성공회대입구),7호선,도시철도 환승역,수도권  광역철도 1호선
0809,암사역사공원,8호선,도시철도 일반역,
0810,암사,8호선,도시철도 일반역,
0811,천호(풍납토성),8호선,도시철도 환승역,수도권  도시철도 5호선
0812,강동구청,8호선,도시철도 일반역,
0813,몽촌토성(평화의문),8호선,도시철도 일반역,
0814,잠실(송파구청),8호선,도시철도 환승역,수도권  도시철도 2호선
0815,석촌,8호선,도시철도 일반역,
0816,송파,8호선,도시철도 일반역,
0817,가락시장,8호선,도시철도 환승역,수도권  광역철도 3호선
0818,문정,8호선,도시철도 일반역,
0819,장지,8호선,도시철도 일반역,
0820,복정,8호선,도시철도 환승역,수도권  광역철도 분당
0821,남위례,8호선,도시철도 일반역,
0822,산성,8호선,도시철도 일반역,
0823,남한산성입구(성남법원·검찰청),8호선,도시철도 일반역,
0824,단대오거리,8호선,도시철도 일반역,
0825,신흥,8호선,도시철도 일반역,
0826,수진,8호선,도시철도 일반역,
0827,모란,8호선,도시철도 환승역,수도권  광역철도 분당
0805,다산역,수도권 광역철도 8호선,일반역,
0804,별내역,수도권 광역철도 8호선,경춘선 별내역,수도권 전절 경춘선
1501,판교역,경강선,환승역,신분당선
1502,이매역,경강선,환승역,분당선
1503,삼동역,경강선,일반역,
1504,경기광주역,경강선,일반역,
1505,초월역,경강선,일반역,
1506,곤지암역,경강선,일반역,
1507,신둔도예촌역,경강선,일반역,
1508,이천역,경강선,일반역,
1509,부발역,경강선,일반역,
1510,세종대왕릉역,경강선,일반역,
1511,여주역,경강선,일반역,
1512,성남역,경강선,일반역,
1713,수원역,경부선,환승역,분당선
1715,세류역,경부선,일반역,
1716,병점역,경부선,일반역,
1749,서동탄역,경부선,일반역,
1717,세마역,경부선,일반역,
1718,오산대역,경부선,일반역,
1719,오산역,경부선,일반역,
1720,진위역,경부선,일반역,
1721,송탄역,경부선,일반역,
1723,평택지제역,경부선,일반역,
1722,서정리역,경부선,일반역,
1724,평택역,경부선,일반역,
1707,명학역,경부선,일반역,
1725,성환역,경부선,일반역,
1726,직산역,경부선,일반역,
1727,두정역,경부선,일반역,
1728,천안역,경부선,일반역,
1401,봉명역,경부선,일반역,
1402,쌍용(나사렛대)역,경부선,일반역,
1403,아산역,경부선,일반역,
1404,탕정역,경부선,일반역,
1405,배방역,경부선,일반역,
1407,온양온천역,경부선,일반역,
1408,신창(순천향대)역,경부선,일반역,
1750,광명역,경부선,일반역,
1704,석수역,경부선,일반역,
1705,관악역,경부선,일반역,
1706,안양역,경부선,일반역,
1002,남영역,경부선,일반역,
1003,용산역,경부선,환승역,경의중앙선
1004,노량진역,경부선,환승역,9호선
1005,대방역,경부선,일반역,
1032,신길역,경부선,환승역,5호선
1006,영등포역,경부선,일반역,
1007,신도림역,경부선,환승역,2호선
1701,구로역,경부선,일반역,
1702,가산디지털단지역,경부선,환승역,7호선
1714,독산역,경부선,일반역,
1703,금천구청역,경부선,일반역,
1708,금정역,경부선,환승역,4호선
1709,군포역,경부선,일반역,
1729,당정역,경부선,일반역,
1710,의왕역,경부선,일반역,
1711,성균관대역,경부선,일반역,
1712,화서역,경부선,일반역,
1015,회기역,경원선,환승역,"경의중앙선, 경춘선"
1016,외대앞역,경원선,일반역,
1017,신이문역,경원선,일반역,
1018,석계역,경원선,환승역,6호선
1019,광운대역,경원선,일반역,
1020,월계역,경원선,일반역,
1021,녹천역,경원선,일반역,
1022,창동역,경원선,환승역,4호선
1901,방학역,경원선,일반역,
1902,도봉역,경원선,일반역,
1903,도봉산역,경원선,환승역,7호선
1904,망월사역,경원선,일반역,
1905,회룡역,경원선,환승역,의정부경전철
1906,의정부역,경원선,일반역,
1907,가능역,경원선,일반역,
1908,녹양역,경원선,일반역,
1909,양주역,경원선,일반역,
1910,덕계역,경원선,일반역,
1911,덕정역,경원선,일반역,
1912,지행역,경원선,일반역,
1913,동두천중앙역,경원선,일반역,
1914,보산역,경원선,일반역,
1915,동두천역,경원선,일반역,
1916,소요산역,경원선,일반역,
1917,청산역,경원선,일반역,
1918,전곡역,경원선,일반역,
1919,연천역,경원선,일반역,
1285,임진강역,경의중앙선,일반역,
1286,운천역,경의중앙선,일반역,
1251,서울역(경의선),경의중앙선,환승역,"1호선, 4호선"
1252,신촌역,경의중앙선,일반역,
1265,가좌역,경의중앙선,환승역,
1003,용산역,경의중앙선,환승역,경부선
1261,효창공원앞역,경의중앙선,환승역,6호선
1262,공덕역,경의중앙선,환승역,"5호선, 6호선, 공항"
1263,서강대역,경의중앙선,일반역,
239,홍대입구역,경의중앙선,환승역,"2호선, 공항"
1266,디지털미디어시티역,경의중앙선,환승역,"6호선, 공항"
1267,수색역,경의중앙선,일반역,
1268,한국항공대,경의중앙선,일반역,
1269,강매역,경의중앙선,일반역,
1270,행신역,경의중앙선,일반역,
1271,능곡역,경의중앙선,일반역,서해선
1272,곡산역,경의중앙선,일반역,서해선
1273,백마역,경의중앙선,일반역,서해선
1274,풍산역,경의중앙선,일반역,서해선
1275,일산역,경의중앙선,일반역,서해선
1276,탄현역,경의중앙선,일반역,
1277,야당역,경의중앙선,일반역,
1013,왕십리역,경의중앙선,환승역,"2호선, 5호선, 분당선"
1014,청량리역,경의중앙선,환승역,"1호선, 경춘선, 분당선"
1015,회기역,경의중앙선,환승역,"경원선, 경춘선"
1201,중랑역,경의중앙선,환승역,경춘선
1202,상봉역,경의중앙선,환승역,"7호선, 경춘선"
1203,망우역,경의중앙선,환승역,경춘선
1204,양원역,경의중앙선,일반역,
1220,지평역,경의중앙선,일반역,
1205,구리역,경의중앙선,일반역,
1206,도농역,경의중앙선,일반역,
1207,양정역,경의중앙선,일반역,
1208,덕소역,경의중앙선,일반역,
1209,도심역,경의중앙선,일반역,
1210,팔당역,경의중앙선,일반역,
1211,운길산역,경의중앙선,일반역,
1212,양수역,경의중앙선,일반역,
1213,신원역,경의중앙선,일반역,
1214,국수역,경의중앙선,일반역,
1215,아신역,경의중앙선,일반역,
1216,오빈역,경의중앙선,일반역,
1217,양평역,경의중앙선,일반역,
1218,원덕역,경의중앙선,일반역,
1219,용문역,경의중앙선,일반역,
1278,운정역,경의중앙선,일반역,
1279,금릉역,경의중앙선,일반역,
1280,금촌역,경의중앙선,일반역,
1282,월롱역,경의중앙선,일반역,
1283,파주역,경의중앙선,일반역,
1284,문산역,경의중앙선,일반역,
1953,대곡역,경의중앙선,환승역,"일산선, 서해선"
1008,이촌역,경의중앙선,환승역,4호선
1009,서빙고역,경의중앙선,일반역,
1010,한남역,경의중앙선,일반역,
1011,옥수역,경의중앙선,환승역,3호선
1012,응봉역,경의중앙선,일반역,
1813,구일역,경인선,일반역,
1801,개봉역,경인선,일반역,
1802,오류동역,경인선,일반역,
1821,온수역,경인선,환승역,7호선
1803,역곡역,경인선,일반역,
1814,소사역,경인선,환승역,서해선
1804,부천역,경인선,일반역,
1822,중동역,경인선,일반역,
1805,송내역,경인선,일반역,
1815,부개역,경인선,일반역,
1806,부평역,경인선,환승역,인천1호선
1807,백운역,경인선,일반역,
1808,동암역,경인선,일반역,
1816,간석역,경인선,일반역,
1809,주안역,경인선,환승역,인천2호선
1823,도화역,경인선,일반역,
1810,제물포역,경인선,일반역,
1817,도원역,경인선,일반역,
1811,동인천역,경인선,일반역,
1812,인천역,경인선,환승역,수인분당선
1015,회기역,경춘선,환승역,"경의중앙선, 경원선"
1014,청량리역,경춘선,환승역,"1호선, 경의중앙선, 분당선"
1201,중랑역,경춘선,환승역,경의중앙선
1202,상봉역,경춘선,환승역,"7호선, 경의중앙선"
1203,망우역,경춘선,환승역,경의중앙선
1311,신내역,경춘선,일반역,
1312,갈매역,경춘선,일반역,
1313,별내역,경춘선,일반역,
1314,퇴계원역,경춘선,일반역,
1315,사릉역,경춘선,일반역,
1316,금곡역,경춘선,일반역,
1317,평내호평역,경춘선,일반역,
1318,천마산역,경춘선,일반역,
1319,마석역,경춘선,일반역,
1320,대성리역,경춘선,일반역,
1321,청평역,경춘선,일반역,
1322,상천역,경춘선,일반역,
1323,가평역,경춘선,일반역,
1324,굴봉산역,경춘선,일반역,
1325,백양리역,경춘선,일반역,
1326,강촌역,경춘선,일반역,
1327,김유정역,경춘선,일반역,
1328,남춘천역,경춘선,일반역,
1329,춘천역,경춘선,일반역,
100,녹동,광주도시철도 1호선,일반역,
101,소태,광주도시철도 1호선,일반역,
102,학동증심사입구,광주도시철도 1호선,일반역,
103,남광주,광주도시철도 1호선,일반역,
104,문화전당(구도청),광주도시철도 1호선,일반역,
105,금남로4가,광주도시철도 1호선,일반역,
106,금남로5가,광주도시철도 1호선,일반역,
107,양동시장,광주도시철도 1호선,일반역,
108,돌고개,광주도시철도 1호선,일반역,
109,농성,광주도시철도 1호선,일반역,
110,화정,광주도시철도 1호선,일반역,
111,쌍촌,광주도시철도 1호선,일반역,
112,운천,광주도시철도 1호선,일반역,
113,상무,광주도시철도 1호선,일반역,
114,김대중컨벤션센터(마륵),광주도시철도 1호선,일반역,
115,공항,광주도시철도 1호선,일반역,
116,송정공원,광주도시철도 1호선,일반역,
117,광주송정역,광주도시철도 1호선,일반역,
118,도산,광주도시철도 1호선,일반역,
119,평동,광주도시철도 1호선,일반역,
G100,양촌역,김포골드라인,일반역,
G101,구래역,김포골드라인,일반역,
G102,마산역,김포골드라인,일반역,
G103,장기역,김포골드라인,일반역,
G104,운양역,김포골드라인,일반역,
G105,걸포북변역,김포골드라인,일반역,
G106,사우(김포시청)역,김포골드라인,일반역,
G107,풍무역,김포골드라인,일반역,
G108,고촌역,김포골드라인,일반역,
G109,김포공항역,김포골드라인,환승역,
0115,설화명곡,대구 도시철도 1호선,일반역,
0116,화원,대구 도시철도 1호선,일반역,
0117,"대 곡
(정부대구청사)",대구 도시철도 1호선,일반역,
0118,진 천,대구 도시철도 1호선,일반역,
0119,월 배,대구 도시철도 1호선,일반역,
0120,상 인,대구 도시철도 1호선,일반역,
0121,월 촌,대구 도시철도 1호선,일반역,
0122,송 현,대구 도시철도 1호선,일반역,
0123,"서부정류장
(관문시장)",대구 도시철도 1호선,일반역,
0124,대 명,대구 도시철도 1호선,일반역,
0125,안지랑,대구 도시철도 1호선,일반역,
0126,현충로,대구 도시철도 1호선,일반역,
0127,영대병원,대구 도시철도 1호선,일반역,
0128,교 대,대구 도시철도 1호선,일반역,
0129,"명 덕
(2.28민주운동기념회관)",대구 도시철도 1호선,환승역,대구도시철도1호선+대구도시철도3호선
0130,반월당,대구 도시철도 1호선,환승역,대구도시철도1호선+대구도시철도2호선
0131,중앙로,대구 도시철도 1호선,일반역,
0132,대구역,대구 도시철도 1호선,일반역,
0133,칠성시장,대구 도시철도 1호선,일반역,
0134,"신 천
(경북대입구)",대구 도시철도 1호선,일반역,
0135,동대구역,대구 도시철도 1호선,일반역,
0136,"동구청
(큰고개)",대구 도시철도 1호선,일반역,
0137,"아양교
(대구국제공항입구)",대구 도시철도 1호선,일반역,
0138,"동 촌
(동촌유원지)",대구 도시철도 1호선,일반역,
0139,해 안,대구 도시철도 1호선,일반역,
0140,방 촌,대구 도시철도 1호선,일반역,
0141,용 계,대구 도시철도 1호선,일반역,
0142,율 하,대구 도시철도 1호선,일반역,
0143,신 기,대구 도시철도 1호선,일반역,
0144,반야월,대구 도시철도 1호선,일반역,
0145,각 산,대구 도시철도 1호선,일반역,
0146,"안 심
(혁신도시 · 첨복단지)",대구 도시철도 1호선,일반역,
0216,문 양,대구 도시철도 2호선,일반역,
0217,다 사,대구 도시철도 2호선,일반역,
0218,대 실,대구 도시철도 2호선,일반역,
0219,강 창,대구 도시철도 2호선,일반역,
0220,계명대,대구 도시철도 2호선,일반역,
0221,성서산업단지,대구 도시철도 2호선,일반역,
0222,이 곡,대구 도시철도 2호선,일반역,
0223,"용 산
(서부법원․검찰청입구)",대구 도시철도 2호선,일반역,
0224,죽 전,대구 도시철도 2호선,일반역,
0225,감 삼,대구 도시철도 2호선,일반역,
0226,두 류,대구 도시철도 2호선,일반역,
0227,내 당,대구 도시철도 2호선,일반역,
0228,반고개,대구 도시철도 2호선,일반역,
0229,청라언덕,대구 도시철도 2호선,환승역,대구도시철도2호선+대구도시철도3호선
0230,반월당,대구 도시철도 2호선,환승역,대구도시철도2호선+대구도시철도1호선
0231,경대병원,대구 도시철도 2호선,일반역,
0232,"대구은행
(대구교육청)",대구 도시철도 2호선,일반역,
0233,범 어,대구 도시철도 2호선,일반역,
0234,"수성구청
(KBS)",대구 도시철도 2호선,일반역,
0235,만 촌,대구 도시철도 2호선,일반역,
0236,"담 티
(수성대 · 대륜)",대구 도시철도 2호선,일반역,
0237,연 호,대구 도시철도 2호선,일반역,
0238,"대공원
(삼성라이온즈파크)",대구 도시철도 2호선,일반역,
0239,고 산,대구 도시철도 2호선,일반역,
0240,신 매,대구 도시철도 2호선,일반역,
0241,사 월,대구 도시철도 2호선,일반역,
0242,정 평,대구 도시철도 2호선,일반역,
0243,임 당,대구 도시철도 2호선,일반역,
0244,영남대,대구 도시철도 2호선,일반역,
0312,칠곡경대병원,대구 도시철도 3호선,일반역,
0313,학 정,대구 도시철도 3호선,일반역,
0314,"팔 거(국립농관원
통계청)",대구 도시철도 3호선,일반역,
0315,동 천,대구 도시철도 3호선,일반역,
0316,칠곡운암,대구 도시철도 3호선,일반역,
0317,"구암
(과학대보건대입구) ",대구 도시철도 3호선,일반역,
0318,태 전,대구 도시철도 3호선,일반역,
0319,매 천,대구 도시철도 3호선,일반역,
0320,매천시장,대구 도시철도 3호선,일반역,
0321,팔 달,대구 도시철도 3호선,일반역,
0322,공 단,대구 도시철도 3호선,일반역,
0323,만 평,대구 도시철도 3호선,일반역,
0324,팔달시장,대구 도시철도 3호선,일반역,
0325,원 대,대구 도시철도 3호선,일반역,
0326,"
북구청
(DGB대구은행파크)
",대구 도시철도 3호선,일반역,
0327,달성공원,대구 도시철도 3호선,일반역,
0328,"서문시장
(동산병원)",대구 도시철도 3호선,일반역,
0329,"청라언덕
(신남)",대구 도시철도 3호선,환승역,대구도시철도3호선+대구도시철도2호선
0330,"남 산
(계명네거리)",대구 도시철도 3호선,일반역,
0331,"명 덕
(2·28민주운동기념회관) ",대구 도시철도 3호선,환승역,대구도시철도3호선+대구도시철도1호선
0332,건들바위,대구 도시철도 3호선,일반역,
0333,대봉교,대구 도시철도 3호선,일반역,
0334,수성시장,대구 도시철도 3호선,일반역,
0335,수성구민운동장,대구 도시철도 3호선,일반역,
0336,어린이세상,대구 도시철도 3호선,일반역,
0337,황 금,대구 도시철도 3호선,일반역,
0338,수성못(TBC),대구 도시철도 3호선,일반역,
0339,지 산,대구 도시철도 3호선,일반역,
0340,범 물,대구 도시철도 3호선,일반역,
0341,용 지,대구 도시철도 3호선,일반역,
101,판암,대전 도시철도 1호선,일반역,
102,신흥,대전 도시철도 1호선,일반역,
103,대동,대전 도시철도 1호선,일반역,
104,대전,대전 도시철도 1호선,일반역,
105,중앙로,대전 도시철도 1호선,일반역,
106,중구청,대전 도시철도 1호선,일반역,
107,서대전네거리,대전 도시철도 1호선,일반역,
108,오룡,대전 도시철도 1호선,일반역,
109,용문,대전 도시철도 1호선,일반역,
110,탄방,대전 도시철도 1호선,일반역,
111,시청,대전 도시철도 1호선,일반역,
112,정부청사,대전 도시철도 1호선,일반역,
113,갈마,대전 도시철도 1호선,일반역,
114,월평,대전 도시철도 1호선,일반역,
115,갑천,대전 도시철도 1호선,일반역,
116,유성온천,대전 도시철도 1호선,일반역,
117,구암,대전 도시철도 1호선,일반역,
118,현충원,대전 도시철도 1호선,일반역,
119,월드컵경기장,대전 도시철도 1호선,일반역,
120,노은,대전 도시철도 1호선,일반역,
121,지족,대전 도시철도 1호선,일반역,
122,반석,대전 도시철도 1호선,일반역,
3753,까치울,도시철도 7호선,일반역,-
3754,부천종합운동장,도시철도 7호선,일반역,-
3755,춘의,도시철도 7호선,일반역,-
3756,신중동,도시철도 7호선,일반역,-
3757,부천시청,도시철도 7호선,일반역,-
3758,상동,도시철도 7호선,일반역,-
3759,삼산체육관,도시철도 7호선,일반역,-
3760,굴포천,도시철도 7호선,일반역,-
3761,부평구청,도시철도 7호선,환승역,인천1호선
3762,산곡,도시철도 7호선,일반역,-
3763,석남(거북시장),도시철도 7호선,환승역,인천2호선
8001,부전역,동해선,일반역,
8002,거제해맞이역,동해선,환승역,부산지하철3호선
8003,거제역,동해선,일반역,
8004,교대역,동해선,환승역,부산지하철1호선
8005,동래역,동해선,일반역,
8006,안락역,동해선,일반역,
8015,부산원동역,동해선,일반역,
8007,재송역,동해선,일반역,
8008,센텀역,동해선,일반역,
8009,벡스코역,동해선,환승역,부산지하철2호선
8010,신해운대역,동해선,일반역,
2514,송정역,동해선,일반역,
8012,오시리아역,동해선,일반역,
8013,기장역,동해선,일반역,
8014,일광역,동해선,일반역,
8016,좌천역,동해선,일반역,
8017,월내역,동해선,일반역,
8018,서생역,동해선,일반역,
8019,남창역,동해선,일반역,
8020,망양역,동해선,일반역,
8021,덕하역,동해선,일반역,
8022,개운포역,동해선,일반역,
8023,태화강역,동해선,일반역,
0401,미남,부산 경량도시철도 4호선,환승역,부산 도시철도 3호선+부산 경량도시철도 4호선
0402,동래,부산 경량도시철도 4호선,환승역,부산 도시철도 1호선+부산 경량도시철도 4호선
0403,수안,부산 경량도시철도 4호선,일반역,
0404,낙민,부산 경량도시철도 4호선,일반역,
0405,충렬사,부산 경량도시철도 4호선,일반역,
0406,명장,부산 경량도시철도 4호선,일반역,
0407,서동,부산 경량도시철도 4호선,일반역,
0408,금사,부산 경량도시철도 4호선,일반역,
0409,반여농산물시장,부산 경량도시철도 4호선,일반역,
0410,석대,부산 경량도시철도 4호선,일반역,
0411,영산대,부산 경량도시철도 4호선,일반역,
0412,윗반송,부산 경량도시철도 4호선,일반역,
0413,고촌,부산 경량도시철도 4호선,일반역,
0414,안평,부산 경량도시철도 4호선,일반역,
0095,다대포해수욕장,부산 도시철도 1호선,일반역,
0096,다대포항,부산 도시철도 1호선,일반역,
0097,낫개,부산 도시철도 1호선,일반역,
0098,신장림,부산 도시철도 1호선,일반역,
0099,장림,부산 도시철도 1호선,일반역,
0100,동매,부산 도시철도 1호선,일반역,
0101,신평,부산 도시철도 1호선,일반역,
0102,하단,부산 도시철도 1호선,일반역,
0103,당리,부산 도시철도 1호선,일반역,
0104,사하,부산 도시철도 1호선,일반역,
0105,괴정,부산 도시철도 1호선,일반역,
0106,대티,부산 도시철도 1호선,일반역,
0107,서대신,부산 도시철도 1호선,일반역,
0108,동대신,부산 도시철도 1호선,일반역,
0109,토성,부산 도시철도 1호선,일반역,
0110,자갈치,부산 도시철도 1호선,일반역,
0111,남포,부산 도시철도 1호선,일반역,
0112,중앙,부산 도시철도 1호선,일반역,
0113,부산역,부산 도시철도 1호선,일반역,
0114,초량,부산 도시철도 1호선,일반역,
0115,부산진,부산 도시철도 1호선,일반역,
0116,좌천,부산 도시철도 1호선,일반역,
0117,범일,부산 도시철도 1호선,일반역,
0118,범내골,부산 도시철도 1호선,일반역,
0119,서면,부산 도시철도 1호선,환승역,부산 도시철도 1호선+부산 도시철도 2호선
0120,부전,부산 도시철도 1호선,일반역,
0121,양정,부산 도시철도 1호선,일반역,
0122,시청,부산 도시철도 1호선,일반역,
0123,연산,부산 도시철도 1호선,환승역,부산 도시철도 1호선+부산 도시철도 3호선
0124,교대,부산 도시철도 1호선,환승역,부산 도시철도 1호선+동해선
0125,동래,부산 도시철도 1호선,환승역,부산 도시철도 1호선+부산 경량도시철도 4호선
0126,명륜,부산 도시철도 1호선,일반역,
0127,온천장,부산 도시철도 1호선,일반역,
0128,부산대,부산 도시철도 1호선,일반역,
0129,장전,부산 도시철도 1호선,일반역,
0130,구서,부산 도시철도 1호선,일반역,
0131,두실,부산 도시철도 1호선,일반역,
0132,남산,부산 도시철도 1호선,일반역,
0133,범어사,부산 도시철도 1호선,일반역,
0134,노포,부산 도시철도 1호선,일반역,
0201,장산,부산 도시철도 2호선,일반역,
0202,중동,부산 도시철도 2호선,일반역,
0203,해운대,부산 도시철도 2호선,일반역,
0204,동백,부산 도시철도 2호선,일반역,
0205,벡스코,부산 도시철도 2호선,환승역,부산 도시철도 2호선+동해선
0206,센텀시티,부산 도시철도 2호선,일반역,
0207,민락,부산 도시철도 2호선,일반역,
0208,수영,부산 도시철도 2호선,환승역,부산 도시철도 2호선+부산 도시철도 3호선
0209,광안,부산 도시철도 2호선,일반역,
0210,금련산,부산 도시철도 2호선,일반역,
0211,남천,부산 도시철도 2호선,일반역,
0212,경성대·부경대,부산 도시철도 2호선,일반역,
0213,대연,부산 도시철도 2호선,일반역,
0214,못골,부산 도시철도 2호선,일반역,
0215,지게골,부산 도시철도 2호선,일반역,
0216,문현,부산 도시철도 2호선,일반역,
0217,국제금융센터·부산은행,부산 도시철도 2호선,일반역,
0218,전포,부산 도시철도 2호선,일반역,
0219,서면,부산 도시철도 2호선,환승역,부산 도시철도 1호선+부산 도시철도 2호선
0220,부암,부산 도시철도 2호선,일반역,
0221,가야,부산 도시철도 2호선,일반역,
0222,동의대,부산 도시철도 2호선,일반역,
0223,개금,부산 도시철도 2호선,일반역,
0224,냉정,부산 도시철도 2호선,일반역,
0225,주례,부산 도시철도 2호선,일반역,
0226,감전,부산 도시철도 2호선,일반역,
0227,사상,부산 도시철도 2호선,환승역,부산 도시철도 2호선+부산김해경전철
0228,덕포,부산 도시철도 2호선,일반역,
0229,모덕,부산 도시철도 2호선,일반역,
0230,모라,부산 도시철도 2호선,일반역,
0231,구남,부산 도시철도 2호선,일반역,
0232,구명,부산 도시철도 2호선,일반역,
0233,덕천,부산 도시철도 2호선,환승역,부산 도시철도 2호선+부산 도시철도 3호선
0234,수정,부산 도시철도 2호선,일반역,
0235,화명,부산 도시철도 2호선,일반역,
0236,율리,부산 도시철도 2호선,일반역,
0237,동원,부산 도시철도 2호선,일반역,
0238,금곡,부산 도시철도 2호선,일반역,
0239,호포,부산 도시철도 2호선,일반역,
0240,증산,부산 도시철도 2호선,일반역,
0241,부산대양산캠퍼스,부산 도시철도 2호선,일반역,
0242,남양산,부산 도시철도 2호선,일반역,
0243,양산,부산 도시철도 2호선,일반역,
0301,수영,부산 도시철도 3호선,환승역,부산 도시철도 2호선+부산 도시철도 3호선
0302,망미,부산 도시철도 3호선,일반역,
0303,배산,부산 도시철도 3호선,일반역,
0304,물만골,부산 도시철도 3호선,일반역,
0305,연산,부산 도시철도 3호선,환승역,부산 도시철도 1호선+부산 도시철도 3호선
0306,거제,부산 도시철도 3호선,환승역,부산 도시철도 3호선+동해선
0307,종합운동장,부산 도시철도 3호선,일반역,
0308,사직,부산 도시철도 3호선,일반역,
0309,미남,부산 도시철도 3호선,환승역,부산 도시철도 3호선+부산 경량도시철도 4호선
0310,만덕,부산 도시철도 3호선,일반역,
0311,남산정,부산 도시철도 3호선,일반역,
0312,숙등,부산 도시철도 3호선,일반역,
0313,덕천,부산 도시철도 3호선,환승역,부산 도시철도 2호선+부산 도시철도 3호선
0314,구포,부산 도시철도 3호선,일반역,
0315,강서구청,부산 도시철도 3호선,일반역,
0316,체육공원,부산 도시철도 3호선,일반역,
0317,대저,부산 도시철도 3호선,환승역,부산 도시철도 3호선+부산김해경전철
0001,사상,부산김해경전철,환승역,부산김해경전철+부산 도시철도 2호선
0002,괘법르네시떼,부산김해경전철,일반역,
0003,서부산유통지구,부산김해경전철,일반역,
0004,공항,부산김해경전철,일반역,
0005,덕두,부산김해경전철,일반역,
0006,등구,부산김해경전철,일반역,
0007,대저,부산김해경전철,환승역,부산김해경전철+부산 도시철도 3호선
0008,평강,부산김해경전철,일반역,
0009,대사,부산김해경전철,일반역,
0010,불암,부산김해경전철,일반역,
0011,지내,부산김해경전철,일반역,
0012,김해대학,부산김해경전철,일반역,
0013,인제대,부산김해경전철,일반역,
0014,김해시청,부산김해경전철,일반역,
0015,부원,부산김해경전철,일반역,
0016,봉황,부산김해경전철,일반역,
0017,수로왕릉,부산김해경전철,일반역,
0018,박물관,부산김해경전철,일반역,
0019,연지공원,부산김해경전철,일반역,
0020,장신대,부산김해경전철,일반역,
0021,가야대,부산김해경전철,일반역,
1014,청량리역,분당선,환승역,"1호선, 경춘선, 경의중앙선"
1013,왕십리역,분당선,환승역,"2호선, 5호선, 경의중앙선"
1847,서울숲역,분당선,일반역,
1848,압구정로데오역,분당선,일반역,
1849,강남구청역,분당선,환승역,7호선
1850,선정릉역,분당선,환승역,9호선
1023,선릉역,분당선,환승역,2호선
1024,한티역,분당선,일반역,
1025,도곡역,분당선,환승역,3호선
1026,구룡역,분당선,일반역,
1027,개포동역,분당선,일반역,
1028,대모산입구역,분당선,일반역,
1030,수서역,분당선,환승역,3호선
1031,복정역,분당선,환승역,8호선
1851,가천대역,분당선,일반역,
1852,태평역,분당선,일반역,
1853,모란역,분당선,환승역,8호선
1854,야탑역,분당선,일반역,
1860,이매역,분당선,환승역,경강선
1855,서현역,분당선,일반역,
1856,수내역,분당선,일반역,
1857,정자역,분당선,환승역,신분당선
1858,미금역,분당선,일반역,
1859,오리역,분당선,일반역,
1862,죽전역,분당선,일반역,
1861,보정역,분당선,일반역,
1863,구성역,분당선,일반역,
1864,신갈역,분당선,일반역,
1865,기흥역,분당선,환승역,용인경전철
1866,상갈역,분당선,일반역,
1867,청명역,분당선,일반역,
1868,영통역,분당선,일반역,
1869,망포역,분당선,일반역,
1870,매탄권선역,분당선,일반역,
1871,수원시청역,분당선,일반역,
1872,매교역,분당선,일반역,
1846,수원(분당)역,분당선,환승역,경부선
4101,개화,서울 도시철도 9호선,도시철도 일반역,
4102,김포공항,서울 도시철도 9호선,도시철도 환승역,"서울 도시철도 5호선
인천국제공항선
김포골드라인
서해선"
4103,공항시장,서울 도시철도 9호선,도시철도 일반역,
4104,신방화,서울 도시철도 9호선,도시철도 일반역,
4105,마곡나루,서울 도시철도 9호선,도시철도 환승역,인천국제공항선
4106,양천향교,서울 도시철도 9호선,도시철도 일반역,
4107,가양,서울 도시철도 9호선,도시철도 일반역,
4108,증미,서울 도시철도 9호선,도시철도 일반역,
4109,등촌,서울 도시철도 9호선,도시철도 일반역,
4110,염창,서울 도시철도 9호선,도시철도 일반역,
4111,신목동,서울 도시철도 9호선,도시철도 일반역,
4112,선유도,서울 도시철도 9호선,도시철도 일반역,
4113,당산,서울 도시철도 9호선,도시철도 환승역,서울 도시철도 2호선
4114,국회의사당,서울 도시철도 9호선,도시철도 일반역,
4115,여의도,서울 도시철도 9호선,도시철도 환승역,서울 도시철도 5호선
4116,샛강,서울 도시철도 9호선,도시철도 환승역,서울 경량도시철도 신림선
4117,노량진,서울 도시철도 9호선,도시철도 환승역,경부선
4118,노들,서울 도시철도 9호선,도시철도 일반역,
4119,흑석(중앙대입구),서울 도시철도 9호선,도시철도 일반역,
4120,동작(현충원),서울 도시철도 9호선,도시철도 환승역,서울 도시철도 4호선
4121,구반포,서울 도시철도 9호선,도시철도 일반역,
4122,신반포,서울 도시철도 9호선,도시철도 일반역,
4123,고속터미널,서울 도시철도 9호선,도시철도 환승역,"서울 도시철도 3호선
서울 도시철도 7호선"
4124,사평,서울 도시철도 9호선,도시철도 일반역,
4125,신논현,서울 도시철도 9호선,도시철도 환승역,신분당선
1980,김포공항역,서해선,일반역,
1981,원종역,서해선,일반역,
1982,부천종합운동장역,서해선,일반역,7호선
1814,소사역,서해선,환승역,경인선
4805,소새울역,서해선,일반역,
4806,시흥대야역,서해선,일반역,
4807,신천역,서해선,일반역,
4808,신현역,서해선,일반역,
4809,시흥시청역,서해선,일반역,
4810,시흥능곡역,서해선,일반역,
4811,달미역,서해선,일반역,
4812,선부역,서해선,일반역,
4813,초지역,서해선,환승역,"수인선, 과천안산선"
4814,시우역,서해선,일반역,
4815,원시역,서해선,일반역,
4126,언주,수도권  도시철도 9호선,도시철도 일반역,
4127,선정릉,수도권  도시철도 9호선,도시철도 환승역,수인분당선
4128,삼성중앙,수도권  도시철도 9호선,도시철도 일반역,
4129,봉은사,수도권  도시철도 9호선,도시철도 일반역,
4130,종합운동장,수도권  도시철도 9호선,도시철도 환승역,수도권  도시철도 2호선
4131,삼전,수도권  도시철도 9호선,도시철도 일반역,
4132,석촌고분,수도권  도시철도 9호선,도시철도 일반역,
4133,석촌,수도권  도시철도 9호선,도시철도 환승역,수도권  도시철도 8호선
4134,송파나루,수도권  도시철도 9호선,도시철도 일반역,
4135,한성백제,수도권  도시철도 9호선,도시철도 일반역,
4136,올림픽공원(한국체대),수도권  도시철도 9호선,도시철도 환승역,수도권  도시철도 5호선
4137,둔촌오륜,수도권  도시철도 9호선,도시철도 일반역,
4138,중앙보훈병원,수도권  도시철도 9호선,도시철도 일반역,
S401,샛강,수도권 경량도시철도 신림선,도시철도 환승역,수도권  도시철도 9호선
S402,대방,수도권 경량도시철도 신림선,도시철도 환승역,수도권  광역철도 1호선
S403,서울지방병무청,수도권 경량도시철도 신림선,도시철도 일반역,
S404,보라매,수도권 경량도시철도 신림선,도시철도 환승역,수도권  도시철도 7호선
S405,보라매공원,수도권 경량도시철도 신림선,도시철도 일반역,
S406,보라매병원,수도권 경량도시철도 신림선,도시철도 일반역,
S407,당곡,수도권 경량도시철도 신림선,도시철도 일반역,
S408,신림,수도권 경량도시철도 신림선,도시철도 환승역,수도권  도시철도 2호선
S409,서원,수도권 경량도시철도 신림선,도시철도 일반역,
S410,서울대벤처타운,수도권 경량도시철도 신림선,도시철도 일반역,
S411,관악산,수도권 경량도시철도 신림선,도시철도 일반역,
1873,고색역,수인선,일반역,
1874,오목천역,수인선,일반역,
1875,어천역,수인선,일반역,
1876,야목역,수인선,일반역,
1877,사리역,수인선,일반역,
1755,한대앞역,수인선,일반역,
1756,중앙역,수인선,일반역,
1757,고잔역,수인선,일반역,
1758,초지역,수인선,환승역,"안산과천선, 서해선"
1759,안산역,수인선,일반역,
1760,신길온천역,수인선,일반역,
1761,정왕역,수인선,일반역,
1762,오이도역,수인선,일반역,
1878,달월역,수인선,일반역,
1879,월곶역,수인선,일반역,
1880,소래포구역,수인선,일반역,
1881,인천논현역,수인선,일반역,
1882,호구포역,수인선,일반역,
1883,남동인더스파크역,수인선,일반역,
1884,원인재역,수인선,환승역,인천1호선
1885,연수역,수인선,일반역,
1886,송도역,수인선,일반역,
1888,인하대역,수인선,일반역,
1889,숭의역,수인선,일반역,
1890,신포역,수인선,일반역,
1891,인천,수인선,환승역,수인분당선
D004,신사,신분당선,도시철도 환승역,수도권 광역철도 신분당선
D005,논현,신분당선,도시철도 환승역,수도권 광역철도 신분당선
D006,신논현,신분당선,도시철도 환승역,수도권 광역철도 신분당선
D007,강남,신분당선,도시철도 환승역,수도권 광역철도 신분당선
D008,양재(서초구청),신분당선,도시철도 환승역,수도권 광역철도 신분당선
D009,양재시민의숲(매헌),신분당선,도시철도 일반역,
D010,청계산입구,신분당선,도시철도 일반역,
D011,판교,신분당선,도시철도 환승역,수도권 광역철도 신분당선
D012,정자,신분당선,도시철도 환승역,수도권 광역철도 신분당선
D013,미금,신분당선,도시철도 환승역,수도권 광역철도 신분당선
D014,동천,신분당선,도시철도 일반역,
D015,수지구청,신분당선,도시철도 일반역,
D016,성복,신분당선,도시철도 일반역,
D017,상현,신분당선,도시철도 일반역,
D018,광교중앙(아주대),신분당선,도시철도 일반역,
D019,광교(경기대),신분당선,도시철도 일반역,
1450,선바위역,안산과천선,일반역,
1451,경마공원역,안산과천선,일반역,
1452,대공원역,안산과천선,일반역,
1453,과천역,안산과천선,일반역,
1454,정부과천청사역,안산과천선,일반역,
1455,인덕원역,안산과천선,일반역,
1456,평촌역,안산과천선,일반역,
1457,범계역,안산과천선,일반역,
1751,산본역,안산과천선,일반역,
1763,수리산역,안산과천선,일반역,
1752,대야미역,안산과천선,일반역,
1753,반월역,안산과천선,일반역,
1754,상록수역,안산과천선,일반역,
1756,중앙역,안산과천선,일반역,
1755,한대앞역,안산과천선,일반역,
1757,고잔역,안산과천선,일반역,
1758,초지역,안산과천선,환승역,"수인선, 서해선"
1759,안산역,안산과천선,일반역,
1760,신길온천역,안산과천선,일반역,
1761,정왕역,안산과천선,일반역,
1762,오이도역,안산과천선,일반역,
Y110,기흥(백남준아트센터),에버라인,도시철도 환승역,수도권  경량도시철도 에버라인
Y111,강남대,에버라인,도시철도 일반역,수도권  경량도시철도 에버라인
Y112,지석,에버라인,도시철도 일반역,수도권  경량도시철도 에버라인
Y113,어정,에버라인,도시철도 일반역,수도권  경량도시철도 에버라인
Y114,동백(용인세브란스),에버라인,도시철도 일반역,수도권  경량도시철도 에버라인
Y115,초당,에버라인,도시철도 일반역,수도권  경량도시철도 에버라인
Y116,삼가,에버라인,도시철도 일반역,수도권  경량도시철도 에버라인
Y117,시청·용인대,에버라인,도시철도 일반역,수도권  경량도시철도 에버라인
Y118,명지대,에버라인,도시철도 일반역,수도권  경량도시철도 에버라인
Y119,김량장,에버라인,도시철도 일반역,수도권  경량도시철도 에버라인
Y120,용인중앙시장(용인예술과학대),에버라인,도시철도 일반역,수도권  경량도시철도 에버라인
Y121,고진,에버라인,도시철도 일반역,수도권  경량도시철도 에버라인
Y122,보평,에버라인,도시철도 일반역,수도권  경량도시철도 에버라인
Y123,둔전,에버라인,도시철도 일반역,수도권  경량도시철도 에버라인
Y124,전대·에버랜드,에버라인,도시철도 일반역,수도권  경량도시철도 에버라인
S110,북한산우이,우이신설선,도시철도 일반역,
S111,솔밭공원,우이신설선,도시철도 일반역,
S112,4.19민주묘지,우이신설선,도시철도 일반역,
S113,가오리,우이신설선,도시철도 일반역,
S114,화계,우이신설선,도시철도 일반역,
S115,삼양,우이신설선,도시철도 일반역,
S116,삼양사거리,우이신설선,도시철도 일반역,
S117,솔샘,우이신설선,도시철도 일반역,
S118,북한산보국문,우이신설선,도시철도 일반역,
S119,정릉,우이신설선,도시철도 일반역,
S120,성신여대입구,우이신설선,도시철도 환승역,수도권 광역철도 4호선
S121,보문,우이신설선,도시철도 환승역,수도권 도시철도 6호선
S122,신설동,우이신설선,도시철도 환승역,수도권 광역철도 1호선
U110,발곡,의정부,도시철도 일반역,
U111,회룡,의정부,도시철도 환승역,의정부+서울 광역철도 1호선
U112,범골,의정부,도시철도 일반역,
U113,경전철의정부,의정부,도시철도 일반역,
U114,의정부시청,의정부,도시철도 일반역,
U115,흥선,의정부,도시철도 일반역,
U117,의정부중앙,의정부,도시철도 일반역,
U118,동오,의정부,도시철도 일반역,
U119,새말,의정부,도시철도 일반역,
U120,경기도청북부청사,의정부,도시철도 일반역,
U121,효자,의정부,도시철도 일반역,
U122,곤제,의정부,도시철도 일반역,
U123,어룡,의정부,도시철도 일반역,
U124,송산,의정부,도시철도 일반역,
U125,탑석,의정부,도시철도 일반역,
A01,서울,인천국제공항선,환승역,서울 도시철도 1호선+서울 도시철도 4호선+경의선
A02,공덕,인천국제공항선,환승역,서울 도시철도 5호선+서울 도시철도 6호선+경의중앙선
A03,홍대입구,인천국제공항선,환승역,서울 도시철도 2호선+경의중앙선
A04,디지털미디어시티,인천국제공항선,환승역,서울 도시철도 6호선+경의중앙선
A042,마곡나루,인천국제공항선,환승역,서울 도시철도 9호선
A05,김포공항,인천국제공항선,환승역,서울 도시철도 5호선+서울 도시철도 9호선+김포도시철도
A06,계양,인천국제공항선,환승역,인천 도시철도 1호선
A07,검암,인천국제공항선,환승역,인천 도시철도 2호선
A071,청라국제도시,인천국제공항선,일반역,
A072,영종,인천국제공항선,일반역,
A08,운서,인천국제공항선,일반역,
A09,공항화물청사,인천국제공항선,일반역,
A10,인천공항1터미널,인천국제공항선,환승역,자기부상철도
A11,인천공항2터미널,인천국제공항선,일반역,
3110,계양,인천지하철 1호선,환승역,공항철도
3111,귤현,인천지하철 1호선,일반역,-
3112,박촌,인천지하철 1호선,일반역,-
3113,임학,인천지하철 1호선,일반역,-
3114,계산,인천지하철 1호선,일반역,-
3115,경인교대입구,인천지하철 1호선,일반역,-
3116,작전,인천지하철 1호선,일반역,-
3117,갈산,인천지하철 1호선,일반역,-
3118,부평구청,인천지하철 1호선,환승역,7호선
3119,부평시장,인천지하철 1호선,일반역,-
3120,부평,인천지하철 1호선,환승역,경인선
3121,동수,인천지하철 1호선,일반역,-
3122,부평삼거리,인천지하철 1호선,일반역,-
3123,간석오거리,인천지하철 1호선,일반역,-
3124,인천시청,인천지하철 1호선,일반역,-
3125,예술회관,인천지하철 1호선,일반역,-
3126,인천터미널,인천지하철 1호선,일반역,-
3127,문학경기장,인천지하철 1호선,일반역,-
3128,선학,인천지하철 1호선,일반역,-
3129,신연수,인천지하철 1호선,일반역,-
3130,원인재,인천지하철 1호선,환승역,수인분당선
3131,동춘,인천지하철 1호선,일반역,-
3132,동막,인천지하철 1호선,일반역,-
3133,캠퍼스타운,인천지하철 1호선,일반역,-
3134,테크노파크,인천지하철 1호선,일반역,-
3135,지식정보단지,인천지하철 1호선,일반역,-
3136,인천대입구,인천지하철 1호선,일반역,-
3137,센트럴파크,인천지하철 1호선,일반역,-
3138,국제업무지구,인천지하철 1호선,일반역,-
3139,송도달빛축제공원,인천지하철 1호선,일반역,-
3201,검단오류,인천지하철 2호선,일반역,-
3202,왕길,인천지하철 2호선,일반역,-
3203,검단사거리,인천지하철 2호선,일반역,-
3204,마전,인천지하철 2호선,일반역,-
3205,완정,인천지하철 2호선,일반역,-
3206,독정,인천지하철 2호선,일반역,-
3207,검암,인천지하철 2호선,환승역,공항철도
3208,검바위,인천지하철 2호선,일반역,-
3209,아시아드경기장,인천지하철 2호선,일반역,-
3210,서구청,인천지하철 2호선,일반역,-
3211,가정(루원시티),인천지하철 2호선,일반역,-
3212,가정중앙시장,인천지하철 2호선,일반역,-
3213,석남(거북시장),인천지하철 2호선,환승역,7호선
3214,서부여성회관,인천지하철 2호선,일반역,-
3215,인천가좌,인천지하철 2호선,일반역,-
3216,가재울,인천지하철 2호선,일반역,-
3217,주안국가산단,인천지하철 2호선,일반역,-
3218,주안,인천지하철 2호선,환승역,경인선
3219,시민공원,인천지하철 2호선,일반역,-
3220,석바위시장,인천지하철 2호선,일반역,-
3221,인천시청,인천지하철 2호선,환승역,인천1호선
3222,석천사거리,인천지하철 2호선,일반역,-
3223,모래내시장,인천지하철 2호선,일반역,-
3224,만수,인천지하철 2호선,일반역,-
3225,남동구청,인천지하철 2호선,일반역,-
3226,인천대공원,인천지하철 2호선,일반역,-
3227,운연,인천지하철 2호선,일반역,-
1949,지축역,일산선,일반역,
1950,삼송역,일산선,일반역,
1948,원흥역,일산선,일반역,
1951,원당역,일산선,일반역,
1952,화정역,일산선,일반역,
1953,대곡역,일산선,환승역,경의중앙선
1954,백석역,일산선,일반역,
1955,마두역,일산선,일반역,
1956,정발산역,일산선,일반역,
1957,주엽역,일산선,일반역,
1958,대화역,일산선,일반역,
101,인천국제공항역,자기부상철도,환승역,공항선
102,장기주차장역,자기부상철도,일반역,
103,합동청사역,자기부상철도,일반역,
104,파라다이스시티역,자기부상철도,일반역,
105,워터파크역,자기부상철도,일반역,
106,용유역,자기부상철도,일반역,
0408,별내별가람역,진접선,일반역,
0406,오남역,진접선,일반역,
0405,진접역,진접선,일반역,